{
  "logreg": {
    "accuracy": 0.8333333333333334,
    "precision": 0.875,
    "recall": 0.8333333333333334,
    "f1": 0.8285714285714286
  },
  "nb": {
    "accuracy": 0.8333333333333334,
    "precision": 0.875,
    "recall": 0.8333333333333334,
    "f1": 0.8285714285714286
  },
  "knn": {
    "accuracy": 0.5,
    "precision": 0.5,
    "recall": 0.5,
    "f1": 0.48571428571428577
  },
  "rf": {
    "accuracy": 0.8333333333333334,
    "precision": 0.875,
    "recall": 0.8333333333333334,
    "f1": 0.8285714285714286
  },
  "svm": {
    "accuracy": 0.8333333333333334,
    "precision": 0.875,
    "recall": 0.8333333333333334,
    "f1": 0.8285714285714286
  }
}